problem_id,gemini-2.5-pro-cpp,gemini-2.5-pro-parlay-cpp,qwen3-cpp,qwen3-cpp-dpo,sequential
ccc15s1,0.0301404139213264,0.06477999990185102,0.06630506694937746,0.02075074950233102,0.02067422715947032
ccc17s3,0.008709846135849754,0.008324372991919517,0.038786315244312086,,0.009908317063624661
cco08p4,0.011206068638712168,0.011177141801454127,,0.03352156314998865,0.008685606913641095
coci11c1p3,0.027260930686379258,0.024657035177654545,0.3256778615364886,0.3571653297737889,0.06312018419089525
coci19c1p3,-1,0.021827390058232206,,,0.022055645300341504
coci21c2p1,0.003744779483947371,0.0018959332490339875,0.0017265093945232886,0.0016874832433781454,0.0014594231898497258
coci23c2p2,0.05990195294753426,0.08422910171960081,,,0.04974852553125294
joi21op1,0.07478172258124687,0.1263657750861187,,,0.04961427374676402
