problem_id,qwen3-rust,qwen3-rust-dpo
ccc15s1,0.02385955749700467,0.024365269982566436
ccc17s3,,
cco08p4,0.025138602829538288,
coci11c1p3,0.018157624781293714,
coci19c1p3,,
coci21c2p1,0.001780724079747285,0.0012669140439746636
coci23c2p2,,
joi21op1,,
