problem_id,qwen3-rust,qwen3-rust-dpo
ccc15s1,0.02378604571024577,0.023672507368028166
ccc17s3,,
cco08p4,0.025178290498442946,
coci11c1p3,0.018076275888344515,
coci19c1p3,,
coci21c2p1,0.0012402848240786364,0.0012519532847883445
coci23c2p2,,
joi21op1,,
