problem_id,qwen3-rust,qwen3-rust-dpo
ccc15s1,0.02384376274421811,0.023809949414183695
ccc17s3,,
cco08p4,0.02518601623363793,
coci11c1p3,0.018331832863876355,
coci19c1p3,,
coci21c2p1,0.0012783217077542628,0.001243447429234428
coci23c2p2,,
joi21op1,,
