problem_id,gemini-2.5-pro-cpp,gemini-2.5-pro-parlay-cpp,qwen3-cpp,qwen3-cpp-dpo,sequential
ccc15s1,0.025362291913479565,0.03644926456113657,0.0661556668765843,0.02076193610827128,0.02069159829368194
ccc17s3,0.009036083593964576,0.009046219093725084,0.03892673875205219,,0.00990174312144518
cco08p4,0.004333918229676783,0.004241421585902572,,0.033500729091465474,0.008672413574531674
coci11c1p3,0.02411396246727394,0.024167352343868954,0.3198236497807438,0.35741631519049405,0.06324670245142086
coci19c1p3,-1,0.021441002691253312,,,0.02195444507524371
coci21c2p1,0.004362747113087348,0.0029137710641537395,0.0017137610420052494,0.0017205064051917622,0.001431536431690412
coci23c2p2,0.015997865578780572,0.017690407143284875,,,0.049241066094310504
joi21op1,0.07154378474640129,0.12457455855661205,,,0.04958065465242335
