problem_id,gemini-2.5-pro-cpp,gemini-2.5-pro-parlay-cpp,qwen3-cpp,qwen3-cpp-dpo,sequential
ccc15s1,0.03041351590305567,0.05093642439693213,0.06626373765369256,0.02069705360258619,0.020651060082018377
ccc17s3,0.010293566814313333,0.01003750767869254,0.03874069268504778,,0.009894270803779363
cco08p4,0.006454670252278446,0.006381514552049339,,0.033475803080946206,0.008625748148187996
coci11c1p3,0.02564515537055938,0.026171046552126823,0.3222090257655667,0.35908291028893513,0.06305508830625078
coci19c1p3,-1,0.023361008179684478,,,0.021871124403107733
coci21c2p1,0.004976624147301273,0.004060723396417286,0.0017005214135029487,0.0016903553756752183,0.0014474983792752028
coci23c2p2,0.023128720676703823,0.02292360281571746,,,0.04866098772645706
joi21op1,0.07424288383917883,0.12824472514995638,,,0.0492219011166266
