problem_id,gemini-2.5-pro-cpp,gemini-2.5-pro-parlay-cpp,qwen3-cpp,qwen3-cpp-dpo,sequential
ccc15s1,0.025369928206006687,0.037272028581549724,0.06624452561140061,0.0207572199155887,0.020729217113306123
ccc17s3,0.008434042294199268,0.008343545276050766,0.03889621126155059,,0.009936830547327797
cco08p4,0.005084371389821172,0.005009900252334774,,0.03376632823143154,0.008697440046817065
coci11c1p3,0.024026035464814174,0.02346688254695872,0.3205179787605353,0.35641856602514566,0.0631356389504736
coci19c1p3,-1,0.02095557041022749,,,0.022047993004144655
coci21c2p1,0.0032190432439425164,0.0021027330375675644,0.0017086165890629803,0.0017112910448174392,0.0014879419667912382
coci23c2p2,0.02629101759354983,0.03301607255513469,,,0.049561228840390124
joi21op1,0.0714327411243825,0.1235672288482809,,,0.049643161903700925
