problem_id,qwen3-rust,qwen3-rust-dpo
ccc15s1,0.023871841207146645,0.023779932937274376
ccc17s3,,
cco08p4,0.02522624201141298,
coci11c1p3,0.018095316446345787,
coci19c1p3,,
coci21c2p1,0.001275008381344378,0.0012479543652651563
coci23c2p2,,
joi21op1,,
