problem_id,gemini-2.5-pro-cpp,gemini-2.5-pro-parlay-cpp,qwen3-cpp,qwen3-cpp-dpo,sequential
ccc15s1,0.02831582079951962,0.046024432567258675,0.06629122852658233,0.020713017340749502,0.020782031143705047
ccc17s3,0.008445690584679444,0.008305949522182344,0.03881986405390004,,0.010142665381232898
cco08p4,0.007097965660504997,0.007106892163865268,,0.033487583859823644,0.008684109295718372
coci11c1p3,0.024895913526415823,0.02375679608515423,0.3225364255151995,0.356405160981028,0.06314653975727118
coci19c1p3,-1,0.02121447395710718,,,0.022020699979648704
coci21c2p1,0.002470633730159274,0.001973263147686209,0.001719117201199489,0.0016977250642542328,0.0015011889028495977
coci23c2p2,0.04121869105978736,0.05859379747527696,,,0.04956917682041725
joi21op1,0.07239983887245346,0.1242232637845778,,,0.04961358420384516
