problem_id,qwen3-rust,qwen3-rust-dpo
ccc15s1,0.02382196057587862,0.02386402375375231
ccc17s3,,
cco08p4,0.025120406774803993,
coci11c1p3,0.018087801393931326,
coci19c1p3,,
coci21c2p1,0.0012547583685123495,0.0012859361312751259
coci23c2p2,,
joi21op1,,
