problem_id,qwen3-rust,qwen3-rust-dpo
ccc15s1,0.023791942273577053,0.023864423135916392
ccc17s3,,
cco08p4,0.02562300712335855,
coci11c1p3,0.0193062506535131,
coci19c1p3,,
coci21c2p1,0.00124358009280903,0.0013316833380875844
coci23c2p2,,
joi21op1,,
