problem_id,gemini-2.5-pro-cpp,gemini-2.5-pro-parlay-cpp,qwen3-cpp,qwen3-cpp-dpo,sequential
ccc15s1,0.03070184796427687,0.10133012577270467,0.06618063538024824,0.020649097518374522,0.020612350460141895
ccc17s3,0.008948969803750515,0.008444563321148355,0.03879100595911344,,0.009921911374355356
cco08p4,0.019034056779928504,0.019319124300964177,,0.03344796052668243,0.008631942085921765
coci11c1p3,0.030911132741881456,0.026220444861151604,0.11359234890374154,0.1401485220934062,0.06298826728016138
coci19c1p3,-1,0.02283112649318008,,,0.021776277642874493
coci21c2p1,0.0021157767158001663,0.001761083783847945,0.0017087381865297045,0.0016809104409601008,0.0014297908903764826
coci23c2p2,0.09493884369952693,0.13620408332817965,,,0.049016961921006436
joi21op1,0.0787719844050506,0.12588160884832697,,,0.04924985439616388
