problem_id,qwen3-rust,qwen3-rust-dpo
ccc15s1,0.024909597051640354,0.02376505172501008
ccc17s3,,
cco08p4,0.025664241616614163,
coci11c1p3,0.01842839274879383,
coci19c1p3,,
coci21c2p1,0.002462575857394508,0.001281011081300676
coci23c2p2,,
joi21op1,,
