problem_id,gemini-2.5-pro-cpp,gemini-2.5-pro-parlay-cpp,qwen3-cpp,qwen3-cpp-dpo,sequential
ccc15s1,0.024795501586049797,0.033759816580762464,0.06603040084242821,0.02064148347824812,0.020632881838828325
ccc17s3,0.008574481314669053,0.008475006079922121,0.03873547706442575,,0.009890143579492966
cco08p4,0.004239327125251293,0.004112129574641585,,0.03351077426224947,0.008594627552665771
coci11c1p3,0.024073127385876747,0.02339129697369493,0.319070431780394,0.3570286556147039,0.06303488616224216
coci19c1p3,-1.0,0.020868145018106417,,,0.021738270656870944
coci21c2p1,0.002935896863761757,0.0023171786983896578,0.0017542146478912658,0.0016886787987979396,0.0014531917770260147
coci23c2p2,0.018625518098650946,0.021711029622349002,,,0.0488320447415823
joi21op1,0.07024421020843355,0.12245933367604656,,,0.049543644301593304
